{
  "camera": {
    "width": 1800,
    "height": 700,
    "fov": 60
  },
  "trajectory": {
    "0": [
      9.7814757e-01,
      -2.0791169e-01,
      -6.9062267e-10,
      -1.8319818e-01,
      -4.1450925e-02,
      -1.9501127e-01,
      -9.7992474e-01,
      -2.7414584e-01,
      2.0373780e-01,
      9.5851099e-01,
      -1.9936794e-01,
      5.8470416e+00,
      0.0000000e+00,
      0.0000000e+00,
      0.0000000e+00,
      -1.0000000e+00
    ]
  }
}